200	https://www.virginatlantic.com/en-IN/where-we-fly
200	https://www.virginatlantic.com/en-IN/where-we-fly/africa
200	https://www.virginatlantic.com/en-IN/where-we-fly/africa/nigeria
200	https://www.virginatlantic.com/en-IN/where-we-fly/africa/nigeria/lagos
200	https://www.virginatlantic.com/en-IN/where-we-fly/africa/nigeria/lagos/lagos-airport-guide
200	https://www.virginatlantic.com/en-IN/where-we-fly/africa/south-africa
200	https://www.virginatlantic.com/en-IN/where-we-fly/africa/south-africa/cape-town
200	https://www.virginatlantic.com/en-IN/where-we-fly/africa/south-africa/cape-town/cape-town-airport-guide
200	https://www.virginatlantic.com/en-IN/where-we-fly/africa/south-africa/johannesburg
200	https://www.virginatlantic.com/en-IN/where-we-fly/africa/south-africa/johannesburg/johannesburg-airport-guide
200	https://www.virginatlantic.com/en-IN/where-we-fly/asia
200	https://www.virginatlantic.com/en-IN/where-we-fly/asia/china
200	https://www.virginatlantic.com/en-IN/where-we-fly/asia/china/shanghai
200	https://www.virginatlantic.com/en-IN/where-we-fly/asia/india
200	https://www.virginatlantic.com/en-IN/where-we-fly/asia/india/bengaluru
200	https://www.virginatlantic.com/en-IN/where-we-fly/asia/india/bengaluru/bangalore-airport-guide
200	https://www.virginatlantic.com/en-IN/where-we-fly/asia/india/bengaluru/bengaluru-airport-guide
200	https://www.virginatlantic.com/en-IN/where-we-fly/asia/india/delhi
200	https://www.virginatlantic.com/en-IN/where-we-fly/asia/india/delhi/delhi-airport-guide
200	https://www.virginatlantic.com/en-IN/where-we-fly/asia/india/mumbai
200	https://www.virginatlantic.com/en-IN/where-we-fly/asia/india/mumbai/mumbai-airport-guide
200	https://www.virginatlantic.com/en-IN/where-we-fly/asia/india/rest-of-india
200	https://www.virginatlantic.com/en-IN/where-we-fly/asia/india/student-offer
200	https://www.virginatlantic.com/en-IN/where-we-fly/asia/maldives
200	https://www.virginatlantic.com/en-IN/where-we-fly/asia/maldives/maldives-airport-guide
200	https://www.virginatlantic.com/en-IN/where-we-fly/asia/pakistan
200	https://www.virginatlantic.com/en-IN/where-we-fly/asia/pakistan/islamabad
200	https://www.virginatlantic.com/en-IN/where-we-fly/asia/pakistan/lahore
200	https://www.virginatlantic.com/en-IN/where-we-fly/asia/south-korea
200	https://www.virginatlantic.com/en-IN/where-we-fly/asia/south-korea/events-in-south-korea
200	https://www.virginatlantic.com/en-IN/where-we-fly/asia/south-korea/seoul-airport-guide
200	https://www.virginatlantic.com/en-IN/where-we-fly/asia/thailand
200	https://www.virginatlantic.com/en-IN/where-we-fly/caribbean
200	https://www.virginatlantic.com/en-IN/where-we-fly/caribbean/antigua
200	https://www.virginatlantic.com/en-IN/where-we-fly/caribbean/antigua/Antigua-airport-guide
200	https://www.virginatlantic.com/en-IN/where-we-fly/caribbean/bahamas
200	https://www.virginatlantic.com/en-IN/where-we-fly/caribbean/barbados
200	https://www.virginatlantic.com/en-IN/where-we-fly/caribbean/barbados/barbados-airport-guide
200	https://www.virginatlantic.com/en-IN/where-we-fly/caribbean/grenada
200	https://www.virginatlantic.com/en-IN/where-we-fly/caribbean/grenada/grenada-airport-guide
200	https://www.virginatlantic.com/en-IN/where-we-fly/caribbean/island-hopping
200	https://www.virginatlantic.com/en-IN/where-we-fly/caribbean/jamaica
200	https://www.virginatlantic.com/en-IN/where-we-fly/caribbean/jamaica/jamaica-airport-guide
200	https://www.virginatlantic.com/en-IN/where-we-fly/caribbean/mexico
200	https://www.virginatlantic.com/en-IN/where-we-fly/caribbean/mexico/cancun
200	https://www.virginatlantic.com/en-IN/where-we-fly/caribbean/mexico/cancun/cancun-airport-guide
200	https://www.virginatlantic.com/en-IN/where-we-fly/caribbean/saint-vincent-and-the-grenadines
200	https://www.virginatlantic.com/en-IN/where-we-fly/caribbean/saint-vincent-and-the-grenadines/saint-vincent-and-the-grenadines-airport-guide
200	https://www.virginatlantic.com/en-IN/where-we-fly/caribbean/st-lucia
200	https://www.virginatlantic.com/en-IN/where-we-fly/caribbean/tobago
200	https://www.virginatlantic.com/en-IN/where-we-fly/caribbean/turks-and-caicos
200	https://www.virginatlantic.com/en-IN/where-we-fly/europe
200	https://www.virginatlantic.com/en-IN/where-we-fly/europe/uk
200	https://www.virginatlantic.com/en-IN/where-we-fly/europe/uk/edinburgh
200	https://www.virginatlantic.com/en-IN/where-we-fly/europe/uk/edinburgh/edinburgh-airport-guide
200	https://www.virginatlantic.com/en-IN/where-we-fly/europe/uk/events-in-the-uk
200	https://www.virginatlantic.com/en-IN/where-we-fly/europe/uk/london
200	https://www.virginatlantic.com/en-IN/where-we-fly/europe/uk/london/london-heathrow-airport-guide
200	https://www.virginatlantic.com/en-IN/where-we-fly/europe/uk/manchester
200	https://www.virginatlantic.com/en-IN/where-we-fly/europe/uk/manchester/manchester-airport-guide
200	https://www.virginatlantic.com/en-IN/where-we-fly/middle-east
200	https://www.virginatlantic.com/en-IN/where-we-fly/middle-east/dubai
200	https://www.virginatlantic.com/en-IN/where-we-fly/middle-east/dubai/dubai-airport-guide
200	https://www.virginatlantic.com/en-IN/where-we-fly/middle-east/israel
200	https://www.virginatlantic.com/en-IN/where-we-fly/middle-east/israel/tel-aviv
200	https://www.virginatlantic.com/en-IN/where-we-fly/middle-east/saudi-arabia
200	https://www.virginatlantic.com/en-IN/where-we-fly/middle-east/saudi-arabia/riyadh-airport-guide
200	https://www.virginatlantic.com/en-IN/where-we-fly/north-america
200	https://www.virginatlantic.com/en-IN/where-we-fly/north-america/canada
200	https://www.virginatlantic.com/en-IN/where-we-fly/north-america/canada/toronto
200	https://www.virginatlantic.com/en-IN/where-we-fly/north-america/canada/toronto/toronto-airport-guide
200	https://www.virginatlantic.com/en-IN/where-we-fly/north-america/mexico
200	https://www.virginatlantic.com/en-IN/where-we-fly/north-america/mexico/cancun
200	https://www.virginatlantic.com/en-IN/where-we-fly/north-america/mexico/cancun/redirect-airport-guide
200	https://www.virginatlantic.com/en-IN/where-we-fly/north-america/usa
200	https://www.virginatlantic.com/en-IN/where-we-fly/north-america/usa/atlanta
200	https://www.virginatlantic.com/en-IN/where-we-fly/north-america/usa/atlanta/atlanta-airport-guide
200	https://www.virginatlantic.com/en-IN/where-we-fly/north-america/usa/austin
200	https://www.virginatlantic.com/en-IN/where-we-fly/north-america/usa/boston
200	https://www.virginatlantic.com/en-IN/where-we-fly/north-america/usa/boston/boston-airport-guide
200	https://www.virginatlantic.com/en-IN/where-we-fly/north-america/usa/california
200	https://www.virginatlantic.com/en-IN/where-we-fly/north-america/usa/california/a-brits-guide-to-los-angeles
200	https://www.virginatlantic.com/en-IN/where-we-fly/north-america/usa/california/accommodation-option-in-wine-country
200	https://www.virginatlantic.com/en-IN/where-we-fly/north-america/usa/california/beach-guide-find-your-perfect-spot
200	https://www.virginatlantic.com/en-IN/where-we-fly/north-america/usa/california/best-photo-spots-in-la
200	https://www.virginatlantic.com/en-IN/where-we-fly/north-america/usa/california/coastal-road-trip
200	https://www.virginatlantic.com/en-IN/where-we-fly/north-america/usa/california/discovering-the-deserts
200	https://www.virginatlantic.com/en-IN/where-we-fly/north-america/usa/california/emily-johnston-food-and-fashion-in-socal
200	https://www.virginatlantic.com/en-IN/where-we-fly/north-america/usa/california/exploring-la-diversity-a-cultural-tapestry
200	https://www.virginatlantic.com/en-IN/where-we-fly/north-america/usa/california/family-friendly-yosemite-activities-for-kids-and-parents
200	https://www.virginatlantic.com/en-IN/where-we-fly/north-america/usa/california/family-play-in-la
200	https://www.virginatlantic.com/en-IN/where-we-fly/north-america/usa/california/first-timers-guide-to-san-francisco
200	https://www.virginatlantic.com/en-IN/where-we-fly/north-america/usa/california/hand-luggage-only-pride-and-pinot-la
200	https://www.virginatlantic.com/en-IN/where-we-fly/north-america/usa/california/hidden-gems
200	https://www.virginatlantic.com/en-IN/where-we-fly/north-america/usa/california/hollywood-glamour-where-stars-kick-back
200	https://www.virginatlantic.com/en-IN/where-we-fly/north-america/usa/california/how-to-celebrate-pride-in-la
200	https://www.virginatlantic.com/en-IN/where-we-fly/north-america/usa/california/how-to-enjoy-los-angeles-on-a-budget
200	https://www.virginatlantic.com/en-IN/where-we-fly/north-america/usa/california/la-a-foodies-guide-to-the-best-eats
200	https://www.virginatlantic.com/en-IN/where-we-fly/north-america/usa/california/navigating-la-nightlife
200	https://www.virginatlantic.com/en-IN/where-we-fly/north-america/usa/california/off-the-beaten-path
200	https://www.virginatlantic.com/en-IN/where-we-fly/north-america/usa/california/outdoor-adventures-in-la
200	https://www.virginatlantic.com/en-IN/where-we-fly/north-america/usa/california/palm-springs-a-retro-desert-oasis
200	https://www.virginatlantic.com/en-IN/where-we-fly/north-america/usa/california/perfect-5-day-itinerary
200	https://www.virginatlantic.com/en-IN/where-we-fly/north-america/usa/california/road-trip-play-lists
200	https://www.virginatlantic.com/en-IN/where-we-fly/north-america/usa/california/savannah-sachdev-los-angeles-itinerary
200	https://www.virginatlantic.com/en-IN/where-we-fly/north-america/usa/california/seasonal-san-francisco
200	https://www.virginatlantic.com/en-IN/where-we-fly/north-america/usa/california/shopping-stops
200	https://www.virginatlantic.com/en-IN/where-we-fly/north-america/usa/california/top-10-must-visit-attractions-los-angeles
200	https://www.virginatlantic.com/en-IN/where-we-fly/north-america/usa/california/ultimate-los-angeles-shopping-guide
200	https://www.virginatlantic.com/en-IN/where-we-fly/north-america/usa/california/virgin-crews-top-tips
200	https://www.virginatlantic.com/en-IN/where-we-fly/north-america/usa/california/where-to-watch-sport-in-la
200	https://www.virginatlantic.com/en-IN/where-we-fly/north-america/usa/las-vegas
200	https://www.virginatlantic.com/en-IN/where-we-fly/north-america/usa/las-vegas/las-vegas-airport-guide
200	https://www.virginatlantic.com/en-IN/where-we-fly/north-america/usa/los-angeles
200	https://www.virginatlantic.com/en-IN/where-we-fly/north-america/usa/los-angeles/los-angeles-airport-guide
200	https://www.virginatlantic.com/en-IN/where-we-fly/north-america/usa/miami
200	https://www.virginatlantic.com/en-IN/where-we-fly/north-america/usa/miami/miami-airport-guide
200	https://www.virginatlantic.com/en-IN/where-we-fly/north-america/usa/new-york
200	https://www.virginatlantic.com/en-IN/where-we-fly/north-america/usa/new-york/new-york-airport-guide
200	https://www.virginatlantic.com/en-IN/where-we-fly/north-america/usa/orlando
200	https://www.virginatlantic.com/en-IN/where-we-fly/north-america/usa/orlando/orlando-airport-guide
200	https://www.virginatlantic.com/en-IN/where-we-fly/north-america/usa/san-francisco
200	https://www.virginatlantic.com/en-IN/where-we-fly/north-america/usa/san-francisco/san-francisco-airport-guide
200	https://www.virginatlantic.com/en-IN/where-we-fly/north-america/usa/seattle
200	https://www.virginatlantic.com/en-IN/where-we-fly/north-america/usa/seattle/Seattle-airport-guide
200	https://www.virginatlantic.com/en-IN/where-we-fly/north-america/usa/tampa
200	https://www.virginatlantic.com/en-IN/where-we-fly/north-america/usa/tampa/tampa-airport-guide
200	https://www.virginatlantic.com/en-IN/where-we-fly/north-america/usa/washington-dc
200	https://www.virginatlantic.com/en-IN/where-we-fly/north-america/usa/washington-dc/washington-dc-airport-guide
200	https://www.virginatlantic.com/en-IN/where-we-fly/partner-airlines
200	https://www.virginatlantic.com/en-IN/where-we-fly/partner-airlines/easyjet
200	https://www.virginatlantic.com/en-IN/where-we-fly/partner-airlines/westjet
